Timestamp,RMS Current,Average Current,Peak Current,Apparent (W),Active (W),Reactive (W),Power Factor,Fundamental Frequency (50Hz),Third Harmonics (150Hz),Fifth (250Hz),Seventh (350Hz),Ninth (450Hz)
2022-11-22 11:19:03,0.0,0.0,0.0,0.0,0.0,0.0,0.0,0.0,0.0,0.0,0.0,0.0
2022-11-22 11:19:04,0.0,0.0,0.0,0.0,0.0,0.0,0.0,0.0,0.0,0.0,0.0,0.0
2022-11-22 11:19:05,0.0,0.0,0.0,0.0,0.0,0.0,0.0,0.0,0.0,0.0,0.0,0.0
2022-11-22 11:19:06,0.0,0.0,0.0,0.0,0.0,0.0,0.0,0.0,0.0,0.0,0.0,0.0
2022-11-22 11:19:07,0.0,0.0,0.0,0.0,0.0,0.0,0.0,0.0,0.0,0.0,0.0,0.0
2022-11-22 11:19:08,0.0,0.0,0.0,0.0,0.0,0.0,0.0,0.0,0.0,0.0,0.0,0.0
2022-11-22 11:19:09,0.0,0.0,0.0,0.0,0.0,0.0,0.0,0.0,0.0,0.0,0.0,0.0
2022-11-22 11:19:10,0.0,0.0,0.0,0.0,0.0,0.0,0.0,0.0,0.0,0.0,0.0,0.0
2022-11-22 11:19:11,0.0,0.0,0.0,0.0,0.0,0.0,0.0,0.0,0.0,0.0,0.0,0.0
2022-11-22 11:19:12,0.0,0.0,0.0,0.0,0.0,0.0,0.0,0.0,0.0,0.0,0.0,0.0
2022-11-22 11:19:13,0.0,0.0,0.0,0.0,0.0,0.0,0.0,0.0,0.0,0.0,0.0,0.0
2022-11-22 11:19:14,0.0,0.0,0.0,0.0,0.0,0.0,0.0,0.0,0.0,0.0,0.0,0.0
2022-11-22 11:19:15,0.0,0.0,0.0,0.0,0.0,0.0,0.0,0.0,0.0,0.0,0.0,0.0
2022-11-22 11:19:16,0.0,0.0,0.0,0.0,0.0,0.0,0.0,0.0,0.0,0.0,0.0,0.0
2022-11-22 11:19:17,0.0,0.0,0.0,0.0,0.0,0.0,0.0,0.0,0.0,0.0,0.0,0.0
2022-11-22 11:19:18,0.0,0.0,0.0,0.0,0.0,0.0,0.0,0.0,0.0,0.0,0.0,0.0
2022-11-22 11:19:19,0.0,0.0,0.0,0.05,0.0,0.05,0.0871859827,0.0,0.0,0.0,0.0,0.0
2022-11-22 11:19:20,0.0,0.0,0.0,0.0,0.0,0.0,0.0,0.0,0.0,0.0,0.0,0.0
2022-11-22 11:19:21,0.0,0.0,0.0,0.0,0.0,0.0,0.0,0.0,0.0,0.0,0.0,0.0
2022-11-22 11:19:22,0.0,0.0,0.0,0.0,0.0,0.0,0.0,0.0,0.0,0.0,0.0,0.0
2022-11-22 11:19:23,0.0,0.0,0.0,0.0,0.0,0.0,0.0,0.0,0.0,0.0,0.0,0.0
2022-11-22 11:19:24,0.0,0.0,0.0,0.0,0.0,0.0,0.0,0.0,0.0,0.0,0.0,0.0
2022-11-22 11:19:25,0.0,0.0,0.0,0.0,0.0,0.0,0.0,0.0,0.0,0.0,0.0,0.0
2022-11-22 11:19:26,0.0,0.0,0.0,0.0,0.0,0.0,0.0,0.0,0.0,0.0,0.0,0.0
2022-11-22 11:19:27,0.0,0.0,0.0,0.0,0.0,0.0,0.0,0.0,0.0,0.0,0.0,0.0
2022-11-22 11:19:28,0.0,0.0,0.0,0.0,0.0,0.0,0.0,0.0,0.0,0.0,0.0,0.0
2022-11-22 11:19:29,0.0,0.0,0.0,0.0,0.0,0.0,0.0,0.0,0.0,0.0,0.0,0.0
2022-11-22 11:19:30,0.0,0.0,0.0,0.0,0.0,0.0,0.0,0.0,0.0,0.0,0.0,0.0
2022-11-22 11:19:31,0.0,0.0,0.0,0.0,0.0,0.0,0.0,0.0,0.0,0.0,0.0,0.0
2022-11-22 11:19:32,0.0,0.0,0.0,0.0,0.0,0.0,0.0,0.0,0.0,0.0,0.0,0.0
2022-11-22 11:19:33,0.0,0.0,0.0,0.0,0.0,0.0,0.0,0.0,0.0,0.0,0.0,0.0
2022-11-22 11:19:34,0.0,0.0,0.0,0.0,0.0,0.0,0.0,0.0,0.0,0.0,0.0,0.0
2022-11-22 11:19:35,0.0,0.0,0.0,0.0,0.0,0.0,0.0,0.0,0.0,0.0,0.0,0.0
2022-11-22 11:19:36,0.0,0.0,0.0,0.0,0.0,0.0,0.0,0.0,0.0,0.0,0.0,0.0
2022-11-22 11:19:37,0.0,0.0,0.0,0.0,0.0,0.0,0.0,0.0,0.0,0.0,0.0,0.0
2022-11-22 11:19:38,0.0,0.0,0.0,0.0,0.0,0.0,0.0,0.0,0.0,0.0,0.0,0.0
2022-11-22 11:19:39,0.0,0.0,0.0,0.0,0.0,0.0,0.0,0.0,0.0,0.0,0.0,0.0
2022-11-22 11:19:40,0.0,0.0,0.0,0.0,0.0,0.0,0.0,0.0,0.0,0.0,0.0,0.0
2022-11-22 11:19:41,0.0,0.0,0.0,0.0,0.0,0.0,0.0,0.0,0.0,0.0,0.0,0.0
2022-11-22 11:19:42,0.0,0.0,0.0,0.0,0.0,0.0,0.0,0.0,0.0,0.0,0.0,0.0
2022-11-22 11:19:43,0.0,0.0,0.0,0.0,0.0,0.0,0.0,0.0,0.0,0.0,0.0,0.0
2022-11-22 11:19:44,0.0,0.0,0.0,0.0,0.0,0.0,0.0,0.0,0.0,0.0,0.0,0.0
2022-11-22 11:19:45,0.0,0.0,0.0,0.0,0.0,0.0,0.0,0.0,0.0,0.0,0.0,0.0
2022-11-22 11:19:46,0.0,0.0,0.0,0.0,0.0,0.0,0.0,0.0,0.0,0.0,0.0,0.0
2022-11-22 11:19:47,0.0,0.0,0.0,0.0,0.0,0.0,0.0,0.0,0.0,0.0,0.0,0.0
2022-11-22 11:19:48,0.0,0.0,0.0,0.0,0.0,0.0,0.0,0.0,0.0,0.0,0.0,0.0
2022-11-22 11:19:49,0.0,0.0,0.0,0.0,0.0,0.0,0.0,0.0,0.0,0.0,0.0,0.0
2022-11-22 11:19:50,0.0,0.0,0.0,0.0,0.0,0.0,0.0,0.0,0.0,0.0,0.0,0.0
2022-11-22 11:19:51,0.0,0.0,0.0,0.0,0.0,0.0,0.0,0.0,0.0,0.0,0.0,0.0
2022-11-22 11:19:52,0.0,0.0,0.0,0.0,0.0,0.0,0.0,0.0,0.0,0.0,0.0,0.0
2022-11-22 11:19:53,0.0,0.0,0.0,0.0,0.0,0.0,0.0,0.0,0.0,0.0,0.0,0.0
2022-11-22 11:19:54,0.0,0.0,0.0,0.0,0.0,0.0,0.0,0.0,0.0,0.0,0.0,0.0
2022-11-22 11:19:55,0.0,0.0,0.0,0.0,0.0,0.0,0.0,0.0,0.0,0.0,0.0,0.0
2022-11-22 11:19:56,0.0,0.0,0.0,0.0,0.0,0.0,0.0,0.0,0.0,0.0,0.0,0.0
2022-11-22 11:19:57,0.0,0.0,0.0,0.0,0.0,0.0,0.0,0.0,0.0,0.0,0.0,0.0
2022-11-22 11:19:58,0.0,0.0,0.0,0.0,0.0,0.0,0.0,0.0,0.0,0.0,0.0,0.0
2022-11-22 11:19:59,0.0,0.0,0.0,0.0,0.0,0.0,0.0,0.0,0.0,0.0,0.0,0.0
2022-11-22 11:20:00,0.0,0.0,0.0,0.0,0.0,0.0,0.0,0.0,0.0,0.0,0.0,0.0
2022-11-22 11:20:01,0.0,0.0,0.0,0.0,0.0,0.0,0.0,0.0,0.0,0.0,0.0,0.0
2022-11-22 11:20:02,0.0,0.0,0.0,0.0,0.0,0.0,0.0,0.0,0.0,0.0,0.0,0.0
2022-11-22 11:20:03,0.0,0.0,0.0,0.0,0.0,0.0,0.0,0.0,0.0,0.0,0.0,0.0
2022-11-22 11:20:04,0.0,0.0,0.0,0.0,0.0,0.0,0.0,0.0,0.0,0.0,0.0,0.0
2022-11-22 11:20:05,0.0,0.0,0.0,0.0,0.0,0.0,0.0,0.0,0.0,0.0,0.0,0.0
2022-11-22 11:20:06,0.0,0.0,0.0,0.0,0.0,0.0,0.0,0.0,0.0,0.0,0.0,0.0
2022-11-22 11:20:07,0.0,0.0,0.0,0.0,0.0,0.0,0.0,0.0,0.0,0.0,0.0,0.0
2022-11-22 11:20:08,0.0,0.0,0.0,0.0,0.0,0.0,0.0,0.0,0.0,0.0,0.0,0.0
2022-11-22 11:20:09,0.0,0.0,0.0,0.04,0.0,0.04,0.0452865587,0.0,0.0,0.0,0.0,0.0
2022-11-22 11:20:10,0.0,0.0,0.0,0.0,0.0,0.0,0.0,0.0,0.0,0.0,0.0,0.0
2022-11-22 11:20:11,0.0,0.0,0.0,0.0,0.0,0.0,0.0,0.0,0.0,0.0,0.0,0.0
2022-11-22 11:20:12,0.0,0.0,0.0,0.0,0.0,0.0,0.0,0.0,0.0,0.0,0.0,0.0
2022-11-22 11:20:13,0.0,0.0,0.0,0.0,0.0,0.0,0.0,0.0,0.0,0.0,0.0,0.0
2022-11-22 11:20:14,0.0,0.0,0.0,0.0,0.0,0.0,0.0,0.0,0.0,0.0,0.0,0.0
2022-11-22 11:20:15,0.0,0.0,0.0,0.0,0.0,0.0,0.0,0.0,0.0,0.0,0.0,0.0
2022-11-22 11:20:16,0.0,0.0,0.0,0.0,0.0,0.0,0.0,0.0,0.0,0.0,0.0,0.0
2022-11-22 11:20:17,0.0,0.0,0.0,0.0,0.0,0.0,0.0,0.0,0.0,0.0,0.0,0.0
2022-11-22 11:20:18,0.0,0.0,0.0,0.0,0.0,0.0,0.0,0.0,0.0,0.0,0.0,0.0
2022-11-22 11:20:19,0.0,0.0,0.0,0.0,0.0,0.0,0.0,0.0,0.0,0.0,0.0,0.0
2022-11-22 11:20:20,0.0,0.0,0.0,0.0,0.0,0.0,0.0,0.0,0.0,0.0,0.0,0.0
2022-11-22 11:20:21,0.0,0.0,0.0,0.0,0.0,0.0,0.0,0.0,0.0,0.0,0.0,0.0
2022-11-22 11:20:22,0.0,0.0,0.0,0.0,0.0,0.0,0.0,0.0,0.0,0.0,0.0,0.0
2022-11-22 11:20:23,0.0,0.0,0.0,0.0,0.0,0.0,0.0,0.0,0.0,0.0,0.0,0.0
2022-11-22 11:20:24,0.0,0.0,0.0,0.0,0.0,0.0,0.0,0.0,0.0,0.0,0.0,0.0
2022-11-22 11:20:25,0.0,0.0,0.0,0.0,0.0,0.0,0.0,0.0,0.0,0.0,0.0,0.0
2022-11-22 11:20:26,0.0,0.0,0.0,0.0,0.0,0.0,0.0,0.0,0.0,0.0,0.0,0.0
2022-11-22 11:20:27,0.0,0.0,0.0,0.0,0.0,0.0,0.0,0.0,0.0,0.0,0.0,0.0
2022-11-22 11:20:28,0.0,0.0,0.0,0.0,0.0,0.0,0.0,0.0,0.0,0.0,0.0,0.0
2022-11-22 11:20:29,0.0,0.0,0.0,0.0,0.0,0.0,0.0,0.0,0.0,0.0,0.0,0.0
2022-11-22 11:20:30,0.0,0.0,0.0,0.0,0.0,0.0,0.0,0.0,0.0,0.0,0.0,0.0
2022-11-22 11:20:31,0.0,0.0,0.0,0.0,0.0,0.0,0.0,0.0,0.0,0.0,0.0,0.0
2022-11-22 11:20:32,0.0,0.0,0.0,0.0,0.0,0.0,0.0,0.0,0.0,0.0,0.0,0.0
2022-11-22 11:20:33,0.0,0.0,0.0,0.0,0.0,0.0,0.0,0.0,0.0,0.0,0.0,0.0
2022-11-22 11:20:34,0.0,0.0,0.0,0.0,0.0,0.0,0.0,0.0,0.0,0.0,0.0,0.0
2022-11-22 11:20:35,0.0,0.0,0.0,0.0,0.0,0.0,0.0,0.0,0.0,0.0,0.0,0.0
2022-11-22 11:20:36,0.0,0.0,0.0,0.0,0.0,0.0,0.0,0.0,0.0,0.0,0.0,0.0
2022-11-22 11:20:37,0.0,0.0,0.0,0.0,0.0,0.0,0.0,0.0,0.0,0.0,0.0,0.0
2022-11-22 11:20:38,0.0,0.0,0.0,0.0,0.0,0.0,0.0,0.0,0.0,0.0,0.0,0.0
2022-11-22 11:20:39,0.0,0.0,0.0,0.0,0.0,0.0,0.0,0.0,0.0,0.0,0.0,0.0
2022-11-22 11:20:40,0.0,0.0,0.0,0.0,0.0,0.0,0.0,0.0,0.0,0.0,0.0,0.0
2022-11-22 11:20:41,0.0,0.0,0.0,0.0,0.0,0.0,0.0,0.0,0.0,0.0,0.0,0.0
2022-11-22 11:20:42,0.0,0.0,0.0,0.0,0.0,0.0,0.0,0.0,0.0,0.0,0.0,0.0
2022-11-22 11:20:43,0.0,0.0,0.0,0.0,0.0,0.0,0.0,0.0,0.0,0.0,0.0,0.0
2022-11-22 11:20:44,0.0,0.0,0.0,0.0,0.0,0.0,0.0,0.0,0.0,0.0,0.0,0.0
2022-11-22 11:20:45,0.0,0.0,0.0,0.0,0.0,0.0,0.0,0.0,0.0,0.0,0.0,0.0
2022-11-22 11:20:46,0.0,0.0,0.0,0.0,0.0,0.0,0.0,0.0,0.0,0.0,0.0,0.0
2022-11-22 11:20:47,0.0,0.0,0.0,0.0,0.0,0.0,0.0,0.0,0.0,0.0,0.0,0.0
2022-11-22 11:20:48,0.0,0.0,0.0,0.0,0.0,0.0,0.0,0.0,0.0,0.0,0.0,0.0
2022-11-22 11:20:49,0.0,0.0,0.0,0.0,0.0,0.0,0.0,0.0,0.0,0.0,0.0,0.0
2022-11-22 11:20:50,0.0,0.0,0.0,0.0,0.0,0.0,0.0,0.0,0.0,0.0,0.0,0.0
2022-11-22 11:20:51,0.0,0.0,0.0,0.0,0.0,0.0,0.0,0.0,0.0,0.0,0.0,0.0
2022-11-22 11:20:52,0.0,0.0,0.0,0.0,0.0,0.0,0.0,0.0,0.0,0.0,0.0,0.0
2022-11-22 11:20:53,0.0,0.0,0.0,0.0,0.0,0.0,0.0,0.0,0.0,0.0,0.0,0.0
2022-11-22 11:20:54,0.0,0.0,0.0,0.0,0.0,0.0,0.0,0.0,0.0,0.0,0.0,0.0
2022-11-22 11:20:55,0.0,0.0,0.0,0.0,0.0,0.0,0.0,0.0,0.0,0.0,0.0,0.0
2022-11-22 11:20:56,0.0,0.0,0.0,0.0,0.0,0.0,0.0,0.0,0.0,0.0,0.0,0.0
2022-11-22 11:20:57,0.0,0.0,0.0,0.0,0.0,0.0,0.0,0.0,0.0,0.0,0.0,0.0
2022-11-22 11:20:58,0.0,0.0,0.0,0.0,0.0,0.0,0.0,0.0,0.0,0.0,0.0,0.0
2022-11-22 11:20:59,0.0,0.0,0.0,0.0,0.0,0.0,0.0,0.0,0.0,0.0,0.0,0.0
2022-11-22 11:21:00,0.0,0.0,0.0,0.0,0.0,0.0,0.0,0.0,0.0,0.0,0.0,0.0
2022-11-22 11:21:01,0.0,0.0,0.0,0.0,0.0,0.0,0.0,0.0,0.0,0.0,0.0,0.0
2022-11-22 11:21:02,0.0,0.0,0.0,0.0,0.0,0.0,0.0,0.0,0.0,0.0,0.0,0.0
2022-11-22 11:21:03,0.0,0.0,0.0,0.0,0.0,0.0,0.0,0.0,0.0,0.0,0.0,0.0
2022-11-22 11:21:04,0.0,0.0,0.0,0.0,0.0,0.0,0.0,0.0,0.0,0.0,0.0,0.0
2022-11-22 11:21:05,0.0,0.0,0.0,0.0,0.0,0.0,0.0,0.0,0.0,0.0,0.0,0.0
2022-11-22 11:21:06,0.0,0.0,0.0,0.0,0.0,0.0,0.0,0.0,0.0,0.0,0.0,0.0
2022-11-22 11:21:07,0.0,0.0,0.0,0.0,0.0,0.0,0.0,0.0,0.0,0.0,0.0,0.0
2022-11-22 11:21:08,0.0,0.0,0.0,0.04,0.01,0.04,0.2119960012,0.0,0.0,0.0,0.0,0.0
2022-11-22 11:21:09,0.0,0.0,0.0,0.0,0.0,0.0,0.0,0.0,0.0,0.0,0.0,0.0
2022-11-22 11:21:10,0.0,0.0,0.0,0.0,0.0,0.0,0.0,0.0,0.0,0.0,0.0,0.0
2022-11-22 11:21:11,0.0,0.0,0.0,0.0,0.0,0.0,0.0,0.0,0.0,0.0,0.0,0.0
2022-11-22 11:21:12,0.0,0.0,0.0,0.04,0.01,0.04,0.1682330695,0.0,0.0,0.0,0.0,0.0
2022-11-22 11:21:13,0.0,0.0,0.0,0.0,0.0,0.0,0.0,0.0,0.0,0.0,0.0,0.0
2022-11-22 11:21:14,0.0,0.0,0.0,0.0,0.0,0.0,0.0,0.0,0.0,0.0,0.0,0.0
2022-11-22 11:21:15,0.0,0.0,0.0,0.0,0.0,0.0,0.0,0.0,0.0,0.0,0.0,0.0
2022-11-22 11:21:16,0.0,0.0,0.0,0.0,0.0,0.0,0.0,0.0,0.0,0.0,0.0,0.0
2022-11-22 11:21:17,0.0,0.0,0.0,0.0,0.0,0.0,0.0,0.0,0.0,0.0,0.0,0.0
2022-11-22 11:21:18,0.0,0.0,0.0,0.0,0.0,0.0,0.0,0.0,0.0,0.0,0.0,0.0
2022-11-22 11:21:19,0.0,0.0,0.0,0.0,0.0,0.0,0.0,0.0,0.0,0.0,0.0,0.0
2022-11-22 11:21:20,0.0,0.0,0.0,0.0,0.0,0.0,0.0,0.0,0.0,0.0,0.0,0.0
2022-11-22 11:21:21,0.0,0.0,0.0,0.0,0.0,0.0,0.0,0.0,0.0,0.0,0.0,0.0
2022-11-22 11:21:22,0.0,0.0,0.0,0.0,0.0,0.0,0.0,0.0,0.0,0.0,0.0,0.0
2022-11-22 11:21:23,0.0,0.0,0.0,0.0,0.0,0.0,0.0,0.0,0.0,0.0,0.0,0.0
2022-11-22 11:21:24,0.0,0.0,0.0,0.0,0.0,0.0,0.0,0.0,0.0,0.0,0.0,0.0
2022-11-22 11:21:25,0.0,0.0,0.0,0.0,0.0,0.0,0.0,0.0,0.0,0.0,0.0,0.0
2022-11-22 11:21:26,0.0,0.0,0.0,0.0,0.0,0.0,0.0,0.0,0.0,0.0,0.0,0.0
2022-11-22 11:21:27,0.0,0.0,0.0,0.0,0.0,0.0,0.0,0.0,0.0,0.0,0.0,0.0
2022-11-22 11:21:28,0.0,0.0,0.0,0.0,0.0,0.0,0.0,0.0,0.0,0.0,0.0,0.0
2022-11-22 11:21:29,0.0,0.0,0.0,0.0,0.0,0.0,0.0,0.0,0.0,0.0,0.0,0.0
2022-11-22 11:21:30,0.0,0.0,0.0,0.0,0.0,0.0,0.0,0.0,0.0,0.0,0.0,0.0
2022-11-22 11:21:31,0.0,0.0,0.0,0.0,0.0,0.0,0.0,0.0,0.0,0.0,0.0,0.0
2022-11-22 11:21:32,0.0,0.0,0.0,0.0,0.0,0.0,0.0,0.0,0.0,0.0,0.0,0.0
2022-11-22 11:21:33,0.0,0.0,0.0,0.0,0.0,0.0,0.0,0.0,0.0,0.0,0.0,0.0
2022-11-22 11:21:34,0.0,0.0,0.0,0.0,0.0,0.0,0.0,0.0,0.0,0.0,0.0,0.0
2022-11-22 11:21:35,0.0,0.0,0.0,0.0,0.0,0.0,0.0,0.0,0.0,0.0,0.0,0.0
2022-11-22 11:21:36,0.0,0.0,0.0,0.0,0.0,0.0,0.0,0.0,0.0,0.0,0.0,0.0
2022-11-22 11:21:37,0.0,0.0,0.0,0.0,0.0,0.0,0.0,0.0,0.0,0.0,0.0,0.0
2022-11-22 11:21:38,0.0,0.0,0.0,0.0,0.0,0.0,0.0,0.0,0.0,0.0,0.0,0.0
2022-11-22 11:21:39,0.0,0.0,0.0,0.0,0.0,0.0,0.0,0.0,0.0,0.0,0.0,0.0
2022-11-22 11:21:40,0.0,0.0,0.0,0.0,0.0,0.0,0.0,0.0,0.0,0.0,0.0,0.0
2022-11-22 11:21:41,0.0,0.0,0.0,0.0,0.0,0.0,0.0,0.0,0.0,0.0,0.0,0.0
2022-11-22 11:21:42,0.0,0.0,0.0,0.0,0.0,0.0,0.0,0.0,0.0,0.0,0.0,0.0
2022-11-22 11:21:43,0.0,0.0,0.0,0.0,0.0,0.0,0.0,0.0,0.0,0.0,0.0,0.0
2022-11-22 11:21:44,0.0,0.0,0.0,0.0,0.0,0.0,0.0,0.0,0.0,0.0,0.0,0.0
2022-11-22 11:21:45,0.0,0.0,0.0,0.0,0.0,0.0,0.0,0.0,0.0,0.0,0.0,0.0
2022-11-22 11:21:46,0.0,0.0,0.0,0.0,0.0,0.0,0.0,0.0,0.0,0.0,0.0,0.0
2022-11-22 11:21:47,0.0,0.0,0.0,0.04,0.0,0.04,0.0446706022,0.0,0.0,0.0,0.0,0.0
2022-11-22 11:21:48,0.0,0.0,0.0,0.0,0.0,0.0,0.0,0.0,0.0,0.0,0.0,0.0
2022-11-22 11:21:49,0.0,0.0,0.0,0.0,0.0,0.0,0.0,0.0,0.0,0.0,0.0,0.0
2022-11-22 11:21:50,0.0,0.0,0.0,0.0,0.0,0.0,0.0,0.0,0.0,0.0,0.0,0.0
2022-11-22 11:21:51,0.0,0.0,0.0,0.0,0.0,0.0,0.0,0.0,0.0,0.0,0.0,0.0
2022-11-22 11:21:52,10.07,8.37,14.11,2457.49,2375.82,628.25,0.9667705749,14.0,2.59,0.3,0.31,0.1
2022-11-22 11:21:53,8.49,7.16,11.94,2083.84,2044.19,404.59,0.9809706003,11.85,2.0,0.31,0.27,0.1
2022-11-22 11:21:54,8.34,7.04,11.71,2045.37,2007.29,392.81,0.981385328,11.63,1.93,0.3,0.26,0.1
2022-11-22 11:21:55,8.27,7.0,11.56,2030.42,1994.01,382.79,0.9820682424,11.54,1.88,0.29,0.25,0.09
2022-11-22 11:21:56,8.23,6.97,11.49,2021.28,1986.36,374.13,0.9827210075,11.48,1.85,0.29,0.25,0.09
2022-11-22 11:21:57,8.2,6.94,11.49,2013.49,1979.0,371.1,0.982869113,11.44,1.83,0.29,0.24,0.09
2022-11-22 11:21:58,8.17,6.92,11.4,2007.39,1972.96,370.19,0.9828488474,11.4,1.83,0.29,0.24,0.09
2022-11-22 11:21:59,8.13,6.89,11.34,1998.75,1964.71,367.27,0.9829729617,11.36,1.82,0.29,0.24,0.1
2022-11-22 11:22:00,8.12,6.87,11.4,1992.74,1958.82,366.12,0.9829775604,11.33,1.82,0.29,0.24,0.09
2022-11-22 11:22:01,8.11,6.87,11.37,1991.49,1957.41,366.84,0.9828876457,11.32,1.82,0.29,0.24,0.09
2022-11-22 11:22:02,8.09,6.86,11.36,1987.11,1953.05,366.34,0.9828595181,11.3,1.81,0.29,0.24,0.09
2022-11-22 11:22:03,8.09,6.85,11.33,1986.82,1952.68,366.72,0.9828181907,11.29,1.82,0.28,0.24,0.09
2022-11-22 11:22:04,8.08,6.84,11.31,1982.07,1947.63,367.85,0.9826277446,11.26,1.8,0.27,0.23,0.09
2022-11-22 11:22:05,8.07,6.83,11.28,1981.5,1947.07,367.79,0.9826226422,11.25,1.8,0.27,0.23,0.08
2022-11-22 11:22:06,8.06,6.82,11.29,1978.27,1943.87,367.34,0.9826091694,11.23,1.78,0.27,0.22,0.08
2022-11-22 11:22:07,8.06,6.83,11.28,1979.74,1944.99,369.3,0.9824471847,11.23,1.77,0.27,0.22,0.08
2022-11-22 11:22:08,8.06,6.83,11.36,1980.57,1946.05,368.14,0.9825735508,11.23,1.78,0.27,0.21,0.08
2022-11-22 11:22:09,8.05,6.82,11.28,1978.57,1944.12,367.62,0.9825873766,11.22,1.78,0.27,0.22,0.08
2022-11-22 11:22:10,8.06,6.82,11.28,1979.06,1944.65,367.46,0.9826116792,11.23,1.8,0.28,0.23,0.09
2022-11-22 11:22:11,8.05,6.82,11.28,1976.99,1942.78,366.22,0.9826932954,11.23,1.8,0.28,0.23,0.09
2022-11-22 11:22:12,8.06,6.82,11.24,1978.97,1944.61,367.21,0.9826339572,11.24,1.81,0.28,0.24,0.09
2022-11-22 11:22:13,8.06,6.82,11.24,1980.12,1945.97,366.14,0.9827559932,11.25,1.81,0.29,0.24,0.09
2022-11-22 11:22:14,8.06,6.82,11.27,1981.38,1947.12,366.84,0.98271107,11.26,1.83,0.28,0.23,0.1
2022-11-22 11:22:15,8.07,6.83,11.29,1983.12,1948.57,368.58,0.9825763813,11.27,1.84,0.27,0.21,0.1
2022-11-22 11:22:16,8.06,6.82,11.29,1980.49,1945.8,369.03,0.9824866629,11.26,1.84,0.28,0.21,0.1
2022-11-22 11:22:17,8.06,6.82,11.31,1981.73,1947.33,367.62,0.9826431947,11.26,1.84,0.28,0.21,0.1
2022-11-22 11:22:18,8.06,6.82,11.3,1981.91,1947.57,367.36,0.9826713541,11.26,1.83,0.28,0.22,0.1
2022-11-22 11:22:19,8.05,6.81,11.27,1978.0,1943.58,367.42,0.9825960675,11.24,1.83,0.27,0.22,0.1
2022-11-22 11:22:20,8.05,6.81,11.23,1978.06,1943.79,366.6,0.9826752595,11.24,1.81,0.26,0.23,0.1
2022-11-22 11:22:21,8.04,6.81,11.22,1976.96,1943.03,364.66,0.9828409776,11.23,1.8,0.27,0.25,0.1
2022-11-22 11:22:22,8.03,6.8,11.2,1973.8,1939.7,365.32,0.9827229446,11.21,1.79,0.27,0.25,0.09
2022-11-22 11:22:23,8.03,6.8,11.13,1973.58,1939.46,365.42,0.9827090162,11.2,1.79,0.27,0.24,0.09
2022-11-22 11:22:24,8.02,6.8,11.17,1971.03,1937.35,362.82,0.9829115747,11.19,1.78,0.27,0.24,0.09
2022-11-22 11:22:25,8.03,6.8,11.22,1971.28,1937.4,363.93,0.9828112225,11.18,1.77,0.26,0.23,0.08
2022-11-22 11:22:26,8.03,6.8,11.2,1972.29,1938.42,363.97,0.9828248118,11.18,1.76,0.26,0.22,0.08
2022-11-22 11:22:27,8.03,6.8,11.18,1971.33,1937.53,363.53,0.9828500994,11.17,1.75,0.25,0.22,0.08
2022-11-22 11:22:28,8.03,6.8,11.14,1973.77,1940.09,363.08,0.982935409,11.18,1.74,0.25,0.21,0.07
2022-11-22 11:22:29,8.02,6.79,11.18,1971.22,1937.88,361.0,0.9830875323,11.16,1.73,0.25,0.22,0.07
2022-11-22 11:22:30,8.02,6.8,11.17,1972.63,1939.01,362.62,0.9829587002,11.17,1.74,0.25,0.23,0.08
2022-11-22 11:22:31,8.01,6.79,11.2,1970.55,1936.88,362.74,0.9829114554,11.16,1.75,0.26,0.23,0.08
2022-11-22 11:22:32,8.01,6.79,11.18,1969.73,1936.19,361.92,0.9829747969,11.17,1.76,0.26,0.24,0.08
2022-11-22 11:22:33,8.0,6.78,11.15,1967.2,1933.71,361.44,0.9829760042,11.16,1.77,0.27,0.25,0.09
2022-11-22 11:22:34,8.0,6.77,11.17,1965.16,1931.75,360.79,0.9830019786,11.16,1.78,0.27,0.25,0.09
2022-11-22 11:22:35,8.0,6.77,11.15,1964.98,1931.33,362.07,0.9828776731,11.17,1.78,0.28,0.26,0.1
2022-11-22 11:22:36,7.99,6.77,11.1,1963.59,1929.99,361.71,0.9828868277,11.17,1.79,0.28,0.27,0.1
2022-11-22 11:22:37,8.01,6.78,11.15,1966.49,1932.85,362.2,0.9828914618,11.18,1.79,0.28,0.26,0.1
2022-11-22 11:22:38,8.01,6.78,11.19,1966.2,1932.8,360.89,0.9830112551,11.18,1.78,0.27,0.27,0.1
2022-11-22 11:22:39,8.02,6.79,11.15,1971.82,1937.97,363.82,0.98283073,11.2,1.79,0.27,0.27,0.1
2022-11-22 11:22:40,8.01,6.79,11.18,1969.41,1935.85,362.01,0.9829602267,11.19,1.78,0.27,0.26,0.1
2022-11-22 11:22:41,8.01,6.79,11.2,1969.79,1936.19,362.28,0.9829420275,11.19,1.78,0.27,0.26,0.1
2022-11-22 11:22:42,8.01,6.79,11.16,1970.64,1936.96,362.78,0.9829089611,11.18,1.77,0.27,0.25,0.09
2022-11-22 11:22:43,8.02,6.79,11.19,1972.17,1938.45,363.16,0.9828999487,11.19,1.78,0.27,0.25,0.09
2022-11-22 11:22:44,8.01,6.79,11.18,1970.59,1936.93,362.69,0.9829169692,11.19,1.79,0.27,0.25,0.09
2022-11-22 11:22:45,8.0,6.78,11.16,1968.0,1934.12,363.64,0.9827806492,11.18,1.79,0.28,0.25,0.09
2022-11-22 11:22:46,7.99,6.77,11.12,1965.38,1931.9,361.23,0.9829639382,11.17,1.78,0.29,0.25,0.1
2022-11-22 11:22:47,7.99,6.77,11.16,1962.98,1929.37,361.7,0.9828771945,11.16,1.79,0.3,0.25,0.1
2022-11-22 11:22:48,7.98,6.76,11.21,1961.0,1927.41,361.42,0.982869576,11.15,1.79,0.29,0.25,0.09
2022-11-22 11:22:49,7.98,6.76,11.16,1959.05,1925.56,360.66,0.9829071404,11.14,1.78,0.29,0.25,0.09
2022-11-22 11:22:50,7.97,6.76,11.16,1958.87,1925.39,360.61,0.9829095549,11.14,1.78,0.29,0.24,0.09
2022-11-22 11:22:51,7.97,6.75,11.15,1957.87,1924.23,361.39,0.9828167967,11.13,1.78,0.28,0.24,0.09
2022-11-22 11:22:52,7.98,6.76,11.13,1959.84,1926.18,361.65,0.9828268175,11.14,1.78,0.28,0.24,0.09
2022-11-22 11:22:53,7.97,6.75,11.1,1958.49,1925.14,359.89,0.9829715495,11.13,1.77,0.28,0.24,0.09
2022-11-22 11:22:54,7.97,6.76,11.14,1959.66,1926.3,360.07,0.9829749829,11.13,1.77,0.28,0.24,0.09
2022-11-22 11:22:55,7.99,6.77,11.2,1963.62,1929.85,362.6,0.9828030919,11.15,1.77,0.29,0.24,0.09
2022-11-22 11:22:56,7.98,6.76,11.16,1962.01,1928.17,362.8,0.9827553323,11.14,1.78,0.28,0.25,0.09
2022-11-22 11:22:57,7.98,6.76,11.19,1962.07,1928.55,361.1,0.9829183102,11.15,1.78,0.28,0.25,0.09
2022-11-22 11:22:58,7.98,6.76,11.2,1961.37,1927.63,362.22,0.9827991297,11.14,1.79,0.28,0.25,0.09
2022-11-22 11:22:59,7.97,6.75,11.13,1957.86,1924.11,361.95,0.9827630336,11.13,1.78,0.29,0.25,0.09
2022-11-22 11:23:00,7.96,6.75,11.13,1955.61,1922.14,360.26,0.9828848546,11.13,1.78,0.29,0.25,0.1
2022-11-22 11:23:01,7.96,6.75,11.12,1954.87,1921.42,360.06,0.9828914141,11.12,1.78,0.29,0.25,0.09
2022-11-22 11:23:02,7.96,6.74,11.14,1954.12,1920.51,360.88,0.9827997257,11.12,1.78,0.29,0.24,0.09
2022-11-22 11:23:03,7.96,6.74,11.09,1953.28,1919.71,360.61,0.9828107672,11.11,1.78,0.28,0.24,0.09
2022-11-22 11:23:04,7.96,6.75,11.13,1954.78,1921.47,359.32,0.9829602381,11.11,1.77,0.28,0.24,0.09
2022-11-22 11:23:05,7.97,6.75,11.16,1957.16,1923.57,361.06,0.9828359459,11.12,1.77,0.28,0.24,0.09
2022-11-22 11:23:06,7.97,6.75,11.15,1957.33,1923.93,360.07,0.982933751,11.12,1.76,0.28,0.24,0.08
2022-11-22 11:23:07,7.97,6.75,11.16,1958.34,1924.97,359.98,0.9829604219,11.12,1.76,0.28,0.23,0.08
2022-11-22 11:23:08,7.97,6.76,11.17,1960.49,1926.89,361.4,0.9828623603,11.12,1.76,0.28,0.24,0.08
2022-11-22 11:23:09,7.96,6.75,11.12,1958.69,1925.04,361.53,0.982818376,11.11,1.76,0.27,0.24,0.08
2022-11-22 11:23:10,7.96,6.74,11.12,1956.87,1923.48,359.96,0.9829361532,11.1,1.75,0.27,0.23,0.08
2022-11-22 11:23:11,7.95,6.74,11.08,1954.7,1920.93,361.73,0.9827274093,11.09,1.76,0.28,0.23,0.08
2022-11-22 11:23:12,7.94,6.73,11.04,1949.31,1915.96,359.04,0.9828906233,11.08,1.76,0.28,0.24,0.08
2022-11-22 11:23:13,7.93,6.72,11.13,1947.65,1914.25,359.12,0.9828534332,11.07,1.76,0.28,0.23,0.08
2022-11-22 11:23:14,7.93,6.72,11.1,1946.56,1912.96,360.13,0.9827366236,11.06,1.76,0.28,0.23,0.08
2022-11-22 11:23:15,7.93,6.72,11.12,1945.81,1912.38,359.17,0.9828161178,11.06,1.76,0.27,0.23,0.08
2022-11-22 11:23:16,7.62,6.44,10.52,1871.49,1833.87,373.33,0.9799010618,10.61,1.71,0.26,0.22,0.09
2022-11-22 11:23:17,0.01,0.01,0.02,3.17,2.55,1.89,0.8034382561,0.0,0.0,0.0,0.0,0.0
2022-11-22 11:23:18,0.0,0.0,0.0,0.0,0.0,0.0,0.0,0.0,0.0,0.0,0.0,0.0
2022-11-22 11:23:19,0.0,0.0,0.0,0.0,0.0,0.0,0.0,0.0,0.0,0.0,0.0,0.0
2022-11-22 11:23:20,0.0,0.0,0.0,0.0,0.0,0.0,0.0,0.0,0.0,0.0,0.0,0.0
2022-11-22 11:23:21,0.0,0.0,0.0,0.0,0.0,0.0,0.0,0.0,0.0,0.0,0.0,0.0
2022-11-22 11:23:22,0.0,0.0,0.0,0.0,0.0,0.0,0.0,0.0,0.0,0.0,0.0,0.0
2022-11-22 11:23:23,0.0,0.0,0.0,0.0,0.0,0.0,0.0,0.0,0.0,0.0,0.0,0.0
2022-11-22 11:23:24,0.0,0.0,0.0,0.0,0.0,0.0,0.0,0.0,0.0,0.0,0.0,0.0
2022-11-22 11:23:25,0.0,0.0,0.0,0.0,0.0,0.0,0.0,0.0,0.0,0.0,0.0,0.0
2022-11-22 11:23:26,0.0,0.0,0.0,0.0,0.0,0.0,0.0,0.0,0.0,0.0,0.0,0.0
2022-11-22 11:23:27,0.0,0.0,0.0,0.0,0.0,0.0,0.0,0.0,0.0,0.0,0.0,0.0
2022-11-22 11:23:28,0.0,0.0,0.0,0.0,0.0,0.0,0.0,0.0,0.0,0.0,0.0,0.0
2022-11-22 11:23:29,0.0,0.0,0.0,0.0,0.0,0.0,0.0,0.0,0.0,0.0,0.0,0.0
2022-11-22 11:23:30,0.0,0.0,0.0,0.0,0.0,0.0,0.0,0.0,0.0,0.0,0.0,0.0
2022-11-22 11:23:31,0.0,0.0,0.0,0.0,0.0,0.0,0.0,0.0,0.0,0.0,0.0,0.0
2022-11-22 11:23:32,0.0,0.0,0.0,0.0,0.0,0.0,0.0,0.0,0.0,0.0,0.0,0.0
2022-11-22 11:23:33,0.0,0.0,0.0,0.0,0.0,0.0,0.0,0.0,0.0,0.0,0.0,0.0
2022-11-22 11:23:34,0.0,0.0,0.0,0.0,0.0,0.0,0.0,0.0,0.0,0.0,0.0,0.0
2022-11-22 11:23:35,0.0,0.0,0.0,0.0,0.0,0.0,0.0,0.0,0.0,0.0,0.0,0.0
2022-11-22 11:23:36,0.0,0.0,0.0,0.0,0.0,0.0,0.0,0.0,0.0,0.0,0.0,0.0
2022-11-22 11:23:37,0.0,0.0,0.0,0.0,0.0,0.0,0.0,0.0,0.0,0.0,0.0,0.0
2022-11-22 11:23:38,0.0,0.0,0.0,0.0,0.0,0.0,0.0,0.0,0.0,0.0,0.0,0.0
2022-11-22 11:23:39,0.0,0.0,0.0,0.0,0.0,0.0,0.0,0.0,0.0,0.0,0.0,0.0
2022-11-22 11:23:40,0.0,0.0,0.0,0.0,0.0,0.0,0.0,0.0,0.0,0.0,0.0,0.0
2022-11-22 11:23:41,0.0,0.0,0.0,0.0,0.0,0.0,0.0,0.0,0.0,0.0,0.0,0.0
2022-11-22 11:23:42,0.0,0.0,0.0,0.0,0.0,0.0,0.0,0.0,0.0,0.0,0.0,0.0
2022-11-22 11:23:43,0.0,0.0,0.0,0.0,0.0,0.0,0.0,0.0,0.0,0.0,0.0,0.0
2022-11-22 11:23:44,0.0,0.0,0.0,0.0,0.0,0.0,0.0,0.0,0.0,0.0,0.0,0.0
2022-11-22 11:23:45,0.0,0.0,0.0,0.0,0.0,0.0,0.0,0.0,0.0,0.0,0.0,0.0
2022-11-22 11:23:46,0.0,0.0,0.0,0.0,0.0,0.0,0.0,0.0,0.0,0.0,0.0,0.0
2022-11-22 11:23:47,0.0,0.0,0.0,0.0,0.0,0.0,0.0,0.0,0.0,0.0,0.0,0.0
2022-11-22 11:23:48,0.0,0.0,0.0,0.0,0.0,0.0,0.0,0.0,0.0,0.0,0.0,0.0
2022-11-22 11:23:49,0.0,0.0,0.0,0.0,0.0,0.0,0.0,0.0,0.0,0.0,0.0,0.0
2022-11-22 11:23:50,0.0,0.0,0.0,0.04,0.0,0.04,0.0446922877,0.0,0.0,0.0,0.0,0.0
2022-11-22 11:23:51,0.0,0.0,0.0,0.0,0.0,0.0,0.0,0.0,0.0,0.0,0.0,0.0
2022-11-22 11:23:52,0.0,0.0,0.0,0.0,0.0,0.0,0.0,0.0,0.0,0.0,0.0,0.0
2022-11-22 11:23:53,0.0,0.0,0.0,0.0,0.0,0.0,0.0,0.0,0.0,0.0,0.0,0.0
2022-11-22 11:23:54,0.0,0.0,0.0,0.0,0.0,0.0,0.0,0.0,0.0,0.0,0.0,0.0
2022-11-22 11:23:55,0.0,0.0,0.0,0.0,0.0,0.0,0.0,0.0,0.0,0.0,0.0,0.0
2022-11-22 11:23:56,0.0,0.0,0.0,0.0,0.0,0.0,0.0,0.0,0.0,0.0,0.0,0.0
2022-11-22 11:23:57,0.0,0.0,0.0,0.0,0.0,0.0,0.0,0.0,0.0,0.0,0.0,0.0
2022-11-22 11:23:58,0.0,0.0,0.0,0.0,0.0,0.0,0.0,0.0,0.0,0.0,0.0,0.0
2022-11-22 11:23:59,0.0,0.0,0.0,0.0,0.0,0.0,0.0,0.0,0.0,0.0,0.0,0.0
2022-11-22 11:24:00,0.0,0.0,0.0,0.0,0.0,0.0,0.0,0.0,0.0,0.0,0.0,0.0
2022-11-22 11:24:01,0.0,0.0,0.0,0.0,0.0,0.0,0.0,0.0,0.0,0.0,0.0,0.0
2022-11-22 11:24:02,0.0,0.0,0.0,0.0,0.0,0.0,0.0,0.0,0.0,0.0,0.0,0.0
2022-11-22 11:24:03,0.0,0.0,0.0,0.0,0.0,0.0,0.0,0.0,0.0,0.0,0.0,0.0
2022-11-22 11:24:04,0.0,0.0,0.0,0.04,0.0,0.04,0.042098437,0.0,0.0,0.0,0.0,0.0
2022-11-22 11:24:05,0.0,0.0,0.0,0.0,0.0,0.0,0.0,0.0,0.0,0.0,0.0,0.0
2022-11-22 11:24:06,0.0,0.0,0.0,0.0,0.0,0.0,0.0,0.0,0.0,0.0,0.0,0.0
2022-11-22 11:24:07,0.0,0.0,0.0,0.0,0.0,0.0,0.0,0.0,0.0,0.0,0.0,0.0
2022-11-22 11:24:08,0.0,0.0,0.0,0.0,0.0,0.0,0.0,0.0,0.0,0.0,0.0,0.0
2022-11-22 11:24:09,0.0,0.0,0.0,0.0,0.0,0.0,0.0,0.0,0.0,0.0,0.0,0.0
2022-11-22 11:24:10,0.0,0.0,0.0,0.0,0.0,0.0,0.0,0.0,0.0,0.0,0.0,0.0
2022-11-22 11:24:11,0.0,0.0,0.0,0.0,0.0,0.0,0.0,0.0,0.0,0.0,0.0,0.0
2022-11-22 11:24:12,0.0,0.0,0.0,0.0,0.0,0.0,0.0,0.0,0.0,0.0,0.0,0.0
2022-11-22 11:24:13,0.0,0.0,0.0,0.0,0.0,0.0,0.0,0.0,0.0,0.0,0.0,0.0
2022-11-22 11:24:14,0.0,0.0,0.0,0.0,0.0,0.0,0.0,0.0,0.0,0.0,0.0,0.0
2022-11-22 11:24:15,0.0,0.0,0.0,0.0,0.0,0.0,0.0,0.0,0.0,0.0,0.0,0.0
2022-11-22 11:24:16,0.0,0.0,0.0,0.0,0.0,0.0,0.0,0.0,0.0,0.0,0.0,0.0
2022-11-22 11:24:17,0.0,0.0,0.0,0.0,0.0,0.0,0.0,0.0,0.0,0.0,0.0,0.0
2022-11-22 11:24:18,0.0,0.0,0.0,0.0,0.0,0.0,0.0,0.0,0.0,0.0,0.0,0.0
2022-11-22 11:24:19,0.0,0.0,0.0,0.0,0.0,0.0,0.0,0.0,0.0,0.0,0.0,0.0
2022-11-22 11:24:20,0.0,0.0,0.0,0.0,0.0,0.0,0.0,0.0,0.0,0.0,0.0,0.0
2022-11-22 11:24:21,0.0,0.0,0.0,0.0,0.0,0.0,0.0,0.0,0.0,0.0,0.0,0.0
2022-11-22 11:24:22,0.0,0.0,0.0,0.0,0.0,0.0,0.0,0.0,0.0,0.0,0.0,0.0
2022-11-22 11:24:23,0.0,0.0,0.0,0.0,0.0,0.0,0.0,0.0,0.0,0.0,0.0,0.0
2022-11-22 11:24:24,0.0,0.0,0.0,0.0,0.0,0.0,0.0,0.0,0.0,0.0,0.0,0.0
2022-11-22 11:24:25,0.0,0.0,0.0,0.0,0.0,0.0,0.0,0.0,0.0,0.0,0.0,0.0
2022-11-22 11:24:26,0.0,0.0,0.0,0.0,0.0,0.0,0.0,0.0,0.0,0.0,0.0,0.0
2022-11-22 11:24:27,0.0,0.0,0.0,0.0,0.0,0.0,0.0,0.0,0.0,0.0,0.0,0.0
2022-11-22 11:24:28,0.0,0.0,0.0,0.0,0.0,0.0,0.0,0.0,0.0,0.0,0.0,0.0
2022-11-22 11:24:29,0.0,0.0,0.0,0.0,0.0,0.0,0.0,0.0,0.0,0.0,0.0,0.0
2022-11-22 11:24:30,0.0,0.0,0.0,0.0,0.0,0.0,0.0,0.0,0.0,0.0,0.0,0.0
2022-11-22 11:24:31,0.0,0.0,0.0,0.0,0.0,0.0,0.0,0.0,0.0,0.0,0.0,0.0
2022-11-22 11:24:32,0.0,0.0,0.0,0.0,0.0,0.0,0.0,0.0,0.0,0.0,0.0,0.0
2022-11-22 11:24:33,0.0,0.0,0.0,0.0,0.0,0.0,0.0,0.0,0.0,0.0,0.0,0.0
2022-11-22 11:24:34,0.0,0.0,0.0,0.0,0.0,0.0,0.0,0.0,0.0,0.0,0.0,0.0
2022-11-22 11:24:35,0.0,0.0,0.0,0.0,0.0,0.0,0.0,0.0,0.0,0.0,0.0,0.0
2022-11-22 11:24:36,0.0,0.0,0.0,0.0,0.0,0.0,0.0,0.0,0.0,0.0,0.0,0.0
2022-11-22 11:24:37,0.0,0.0,0.0,0.0,0.0,0.0,0.0,0.0,0.0,0.0,0.0,0.0
2022-11-22 11:24:38,0.0,0.0,0.0,0.0,0.0,0.0,0.0,0.0,0.0,0.0,0.0,0.0
2022-11-22 11:24:39,0.0,0.0,0.0,0.0,0.0,0.0,0.0,0.0,0.0,0.0,0.0,0.0
2022-11-22 11:24:40,0.0,0.0,0.0,0.0,0.0,0.0,0.0,0.0,0.0,0.0,0.0,0.0
2022-11-22 11:24:41,0.0,0.0,0.0,0.0,0.0,0.0,0.0,0.0,0.0,0.0,0.0,0.0
2022-11-22 11:24:42,0.0,0.0,0.0,0.0,0.0,0.0,0.0,0.0,0.0,0.0,0.0,0.0
2022-11-22 11:24:43,0.0,0.0,0.0,0.0,0.0,0.0,0.0,0.0,0.0,0.0,0.0,0.0
2022-11-22 11:24:44,0.0,0.0,0.0,0.0,0.0,0.0,0.0,0.0,0.0,0.0,0.0,0.0
2022-11-22 11:24:45,0.0,0.0,0.0,0.0,0.0,0.0,0.0,0.0,0.0,0.0,0.0,0.0
2022-11-22 11:24:46,0.0,0.0,0.0,0.0,0.0,0.0,0.0,0.0,0.0,0.0,0.0,0.0
2022-11-22 11:24:47,0.0,0.0,0.0,0.0,0.0,0.0,0.0,0.0,0.0,0.0,0.0,0.0
2022-11-22 11:24:48,0.0,0.0,0.0,0.0,0.0,0.0,0.0,0.0,0.0,0.0,0.0,0.0
2022-11-22 11:24:49,0.0,0.0,0.0,0.0,0.0,0.0,0.0,0.0,0.0,0.0,0.0,0.0
2022-11-22 11:24:50,0.0,0.0,0.0,0.0,0.0,0.0,0.0,0.0,0.0,0.0,0.0,0.0
2022-11-22 11:24:51,0.0,0.0,0.0,0.0,0.0,0.0,0.0,0.0,0.0,0.0,0.0,0.0
2022-11-22 11:24:52,0.0,0.0,0.0,0.0,0.0,0.0,0.0,0.0,0.0,0.0,0.0,0.0
2022-11-22 11:24:53,0.0,0.0,0.0,0.0,0.0,0.0,0.0,0.0,0.0,0.0,0.0,0.0
2022-11-22 11:24:54,0.0,0.0,0.0,0.0,0.0,0.0,0.0,0.0,0.0,0.0,0.0,0.0
2022-11-22 11:24:55,0.0,0.0,0.0,0.0,0.0,0.0,0.0,0.0,0.0,0.0,0.0,0.0
2022-11-22 11:24:56,0.0,0.0,0.0,0.0,0.0,0.0,0.0,0.0,0.0,0.0,0.0,0.0
2022-11-22 11:24:57,0.0,0.0,0.0,0.0,0.0,0.0,0.0,0.0,0.0,0.0,0.0,0.0
2022-11-22 11:24:58,0.0,0.0,0.0,0.0,0.0,0.0,0.0,0.0,0.0,0.0,0.0,0.0
2022-11-22 11:24:59,0.0,0.0,0.0,0.0,0.0,0.0,0.0,0.0,0.0,0.0,0.0,0.0
2022-11-22 11:25:00,0.0,0.0,0.0,0.0,0.0,0.0,0.0,0.0,0.0,0.0,0.0,0.0
2022-11-22 11:25:01,0.0,0.0,0.0,0.0,0.0,0.0,0.0,0.0,0.0,0.0,0.0,0.0
2022-11-22 11:25:02,0.0,0.0,0.0,0.0,0.0,0.0,0.0,0.0,0.0,0.0,0.0,0.0
2022-11-22 11:25:03,0.0,0.0,0.0,0.0,0.0,0.0,0.0,0.0,0.0,0.0,0.0,0.0
2022-11-22 11:25:04,0.0,0.0,0.0,0.0,0.0,0.0,0.0,0.0,0.0,0.0,0.0,0.0
2022-11-22 11:25:05,0.0,0.0,0.0,0.0,0.0,0.0,0.0,0.0,0.0,0.0,0.0,0.0
2022-11-22 11:25:06,0.0,0.0,0.0,0.0,0.0,0.0,0.0,0.0,0.0,0.0,0.0,0.0
2022-11-22 11:25:07,0.0,0.0,0.0,0.0,0.0,0.0,0.0,0.0,0.0,0.0,0.0,0.0
2022-11-22 11:25:08,0.0,0.0,0.0,0.0,0.0,0.0,0.0,0.0,0.0,0.0,0.0,0.0
2022-11-22 11:25:09,0.0,0.0,0.0,0.0,0.0,0.0,0.0,0.0,0.0,0.0,0.0,0.0
2022-11-22 11:25:10,0.0,0.0,0.0,0.0,0.0,0.0,0.0,0.0,0.0,0.0,0.0,0.0
2022-11-22 11:25:11,0.0,0.0,0.0,0.0,0.0,0.0,0.0,0.0,0.0,0.0,0.0,0.0
2022-11-22 11:25:12,0.0,0.0,0.0,0.0,0.0,0.0,0.0,0.0,0.0,0.0,0.0,0.0
2022-11-22 11:25:13,0.0,0.0,0.0,0.0,0.0,0.0,0.0,0.0,0.0,0.0,0.0,0.0
2022-11-22 11:25:14,0.0,0.0,0.0,0.0,0.0,0.0,0.0,0.0,0.0,0.0,0.0,0.0
2022-11-22 11:25:15,0.0,0.0,0.0,0.0,0.0,0.0,0.0,0.0,0.0,0.0,0.0,0.0
2022-11-22 11:25:16,0.0,0.0,0.0,0.0,0.0,0.0,0.0,0.0,0.0,0.0,0.0,0.0
2022-11-22 11:25:17,0.0,0.0,0.0,0.0,0.0,0.0,0.0,0.0,0.0,0.0,0.0,0.0
2022-11-22 11:25:18,0.0,0.0,0.0,0.0,0.0,0.0,0.0,0.0,0.0,0.0,0.0,0.0
2022-11-22 11:25:19,0.0,0.0,0.0,0.0,0.0,0.0,0.0,0.0,0.0,0.0,0.0,0.0
2022-11-22 11:25:20,0.0,0.0,0.0,0.0,0.0,0.0,0.0,0.0,0.0,0.0,0.0,0.0
2022-11-22 11:25:21,0.0,0.0,0.0,0.0,0.0,0.0,0.0,0.0,0.0,0.0,0.0,0.0
2022-11-22 11:25:22,0.0,0.0,0.0,0.0,0.0,0.0,0.0,0.0,0.0,0.0,0.0,0.0
2022-11-22 11:25:23,0.0,0.0,0.0,0.0,0.0,0.0,0.0,0.0,0.0,0.0,0.0,0.0
2022-11-22 11:25:24,9.65,8.02,13.6,2338.56,2245.55,652.98,0.9602264466,13.36,2.24,0.35,0.27,0.1
2022-11-22 11:25:25,8.13,6.88,11.41,1978.35,1942.6,374.39,0.9819301514,11.33,1.83,0.28,0.23,0.08
2022-11-22 11:25:26,7.94,6.73,11.1,1932.59,1898.6,360.9,0.9824090667,11.07,1.76,0.27,0.21,0.08
2022-11-22 11:25:27,7.94,6.73,11.11,1932.88,1898.99,360.35,0.9824680612,11.07,1.76,0.27,0.21,0.08
2022-11-22 11:25:28,7.95,6.73,11.08,1935.08,1901.13,360.88,0.9824563153,11.08,1.76,0.27,0.21,0.07
2022-11-22 11:25:29,7.96,6.74,11.11,1938.14,1904.42,359.99,0.9825992981,11.1,1.76,0.27,0.21,0.08
2022-11-22 11:25:30,7.96,6.75,11.17,1939.2,1905.28,361.11,0.9825085518,11.1,1.75,0.27,0.22,0.07
2022-11-22 11:25:31,7.97,6.75,11.15,1940.48,1906.5,361.56,0.9824885276,11.11,1.76,0.27,0.22,0.08
2022-11-22 11:25:32,7.97,6.75,11.18,1941.66,1907.87,360.65,0.9825979955,11.12,1.76,0.27,0.21,0.08
2022-11-22 11:25:33,7.98,6.76,11.15,1942.8,1908.83,361.71,0.9825154042,11.12,1.76,0.27,0.22,0.08
2022-11-22 11:25:34,7.97,6.75,11.15,1941.74,1908.03,360.27,0.9826366472,11.12,1.77,0.27,0.23,0.08
2022-11-22 11:25:35,7.97,6.75,11.16,1941.08,1907.35,360.3,0.9826220041,11.12,1.77,0.27,0.23,0.08
2022-11-22 11:25:36,7.97,6.75,11.09,1940.51,1906.75,360.43,0.9825991624,11.12,1.77,0.27,0.24,0.08
2022-11-22 11:25:37,7.97,6.75,11.11,1940.69,1907.2,359.01,0.9827404709,11.12,1.78,0.27,0.24,0.09
2022-11-22 11:25:38,7.97,6.75,11.16,1940.94,1907.41,359.22,0.9827241753,11.13,1.78,0.27,0.25,0.09
2022-11-22 11:25:39,7.97,6.75,11.13,1940.58,1907.01,359.38,0.982702028,11.13,1.78,0.27,0.26,0.09
2022-11-22 11:25:40,7.96,6.75,11.12,1940.25,1906.93,358.08,0.982822983,11.13,1.78,0.28,0.26,0.09
2022-11-22 11:25:41,7.95,6.74,11.13,1937.81,1904.66,356.86,0.9828973084,11.12,1.78,0.28,0.26,0.09
2022-11-22 11:25:42,7.95,6.73,11.14,1935.84,1902.54,357.48,0.9828013617,11.11,1.78,0.28,0.26,0.1
2022-11-22 11:25:43,7.95,6.73,11.09,1936.18,1902.74,358.28,0.9827304287,11.11,1.79,0.29,0.27,0.09
2022-11-22 11:25:44,7.94,6.73,11.07,1934.09,1900.59,358.42,0.9826786617,11.1,1.78,0.28,0.26,0.1
2022-11-22 11:25:45,7.94,6.73,11.1,1933.73,1900.44,357.26,0.9827855703,11.1,1.78,0.28,0.26,0.1
2022-11-22 11:25:46,7.93,6.72,11.09,1932.6,1899.35,356.92,0.9827979005,11.09,1.78,0.29,0.26,0.1
2022-11-22 11:25:47,7.93,6.72,11.09,1931.19,1897.9,357.03,0.9827619697,11.08,1.78,0.28,0.26,0.09
2022-11-22 11:25:48,7.92,6.71,11.03,1929.29,1895.97,356.98,0.9827321543,11.07,1.77,0.28,0.26,0.09
2022-11-22 11:25:49,7.92,6.71,11.04,1928.22,1895.1,355.85,0.9828236659,11.07,1.77,0.28,0.26,0.09
2022-11-22 11:25:50,7.92,6.71,11.1,1927.92,1894.63,356.72,0.9827336388,11.06,1.77,0.28,0.24,0.09
2022-11-22 11:25:51,7.92,6.71,11.1,1928.34,1894.9,357.57,0.9826578461,11.06,1.77,0.28,0.24,0.09
2022-11-22 11:25:52,7.92,6.71,11.05,1927.89,1894.47,357.43,0.9826633766,11.05,1.77,0.28,0.24,0.09
2022-11-22 11:25:53,7.92,6.71,11.08,1928.64,1895.36,356.74,0.9827444034,11.06,1.77,0.28,0.23,0.09
2022-11-22 11:25:54,7.92,6.71,11.1,1927.67,1894.22,357.54,0.9826484383,11.05,1.77,0.28,0.23,0.08
2022-11-22 11:25:55,7.92,6.71,11.06,1927.97,1894.62,357.03,0.9827034455,11.05,1.76,0.29,0.23,0.08
2022-11-22 11:25:56,7.92,6.71,11.05,1928.45,1895.36,355.73,0.9828395483,11.05,1.76,0.29,0.23,0.08
2022-11-22 11:25:57,7.92,6.71,11.13,1928.65,1895.23,357.49,0.9826710341,11.05,1.76,0.29,0.23,0.08
2022-11-22 11:25:58,7.92,6.71,11.1,1928.97,1895.42,358.19,0.9826080215,11.05,1.76,0.29,0.23,0.08
2022-11-22 11:25:59,7.91,6.71,11.08,1927.49,1894.38,355.73,0.9828220292,11.05,1.75,0.29,0.23,0.08
2022-11-22 11:26:00,7.91,6.7,11.12,1927.31,1893.97,356.92,0.9827030325,11.05,1.76,0.29,0.23,0.08
2022-11-22 11:26:01,7.91,6.7,11.09,1927.62,1894.12,357.79,0.9826225507,11.05,1.77,0.29,0.23,0.08
2022-11-22 11:26:02,7.91,6.7,11.08,1926.34,1893.01,356.8,0.9826970728,11.04,1.77,0.29,0.24,0.09
2022-11-22 11:26:03,7.9,6.7,11.06,1925.72,1892.48,356.23,0.98274173,11.04,1.77,0.29,0.24,0.08
2022-11-22 11:26:04,7.9,6.69,11.07,1923.09,1889.73,356.65,0.9826528966,11.03,1.77,0.29,0.23,0.08
2022-11-22 11:26:05,7.89,6.69,11.02,1922.77,1889.46,356.33,0.9826777395,11.03,1.76,0.29,0.23,0.08
2022-11-22 11:26:06,7.89,6.69,11.04,1923.17,1890.15,354.84,0.9828313697,11.03,1.76,0.29,0.23,0.08
2022-11-22 11:26:07,7.9,6.7,11.08,1925.71,1892.59,355.61,0.9828018708,11.04,1.76,0.29,0.23,0.08
2022-11-22 11:26:08,7.9,6.7,11.07,1926.63,1893.25,357.05,0.9826777731,11.04,1.77,0.29,0.24,0.08
2022-11-22 11:26:09,7.9,6.7,11.07,1926.6,1893.39,356.16,0.9827641912,11.04,1.77,0.29,0.23,0.09
2022-11-22 11:26:10,7.89,6.69,11.05,1922.83,1889.88,354.44,0.9828637734,11.02,1.75,0.29,0.23,0.08
2022-11-22 11:26:11,7.89,6.69,11.09,1922.54,1889.42,355.31,0.9827740255,11.02,1.75,0.29,0.23,0.08
2022-11-22 11:26:12,7.89,6.69,11.03,1921.58,1888.25,356.33,0.9826565494,11.01,1.75,0.28,0.23,0.08
2022-11-22 11:26:13,7.89,6.69,11.03,1921.26,1888.15,355.13,0.9827678936,11.01,1.74,0.28,0.23,0.08
2022-11-22 11:26:14,7.89,6.68,11.06,1920.61,1887.31,356.09,0.9826625397,11.0,1.75,0.28,0.22,0.08
2022-11-22 11:26:15,7.88,6.67,11.0,1917.98,1884.72,355.65,0.9826576335,10.99,1.75,0.28,0.22,0.08
2022-11-22 11:26:16,4.77,4.03,6.69,1160.23,1134.98,240.72,0.9782403371,6.62,1.05,0.16,0.13,0.05
2022-11-22 11:26:17,0.0,0.0,0.0,0.0,0.0,0.0,0.0,0.0,0.0,0.0,0.0,0.0
2022-11-22 11:26:18,0.0,0.0,0.0,0.0,0.0,0.0,0.0,0.0,0.0,0.0,0.0,0.0
2022-11-22 11:26:19,0.0,0.0,0.0,0.0,0.0,0.0,0.0,0.0,0.0,0.0,0.0,0.0
2022-11-22 11:26:20,0.0,0.0,0.0,0.0,0.0,0.0,0.0,0.0,0.0,0.0,0.0,0.0
2022-11-22 11:26:21,0.0,0.0,0.0,0.0,0.0,0.0,0.0,0.0,0.0,0.0,0.0,0.0
2022-11-22 11:26:22,0.0,0.0,0.0,0.0,0.0,0.0,0.0,0.0,0.0,0.0,0.0,0.0
2022-11-22 11:26:23,0.0,0.0,0.0,0.0,0.0,0.0,0.0,0.0,0.0,0.0,0.0,0.0
2022-11-22 11:26:24,0.0,0.0,0.0,0.0,0.0,0.0,0.0,0.0,0.0,0.0,0.0,0.0
2022-11-22 11:26:25,0.0,0.0,0.0,0.0,0.0,0.0,0.0,0.0,0.0,0.0,0.0,0.0
2022-11-22 11:26:26,0.0,0.0,0.0,0.0,0.0,0.0,0.0,0.0,0.0,0.0,0.0,0.0
2022-11-22 11:26:27,0.0,0.0,0.0,0.0,0.0,0.0,0.0,0.0,0.0,0.0,0.0,0.0
2022-11-22 11:26:28,0.0,0.0,0.0,0.0,0.0,0.0,0.0,0.0,0.0,0.0,0.0,0.0
2022-11-22 11:26:29,0.0,0.0,0.0,0.0,0.0,0.0,0.0,0.0,0.0,0.0,0.0,0.0
2022-11-22 11:26:30,0.0,0.0,0.0,0.0,0.0,0.0,0.0,0.0,0.0,0.0,0.0,0.0
2022-11-22 11:26:31,0.0,0.0,0.0,0.0,0.0,0.0,0.0,0.0,0.0,0.0,0.0,0.0
2022-11-22 11:26:32,0.0,0.0,0.0,0.0,0.0,0.0,0.0,0.0,0.0,0.0,0.0,0.0
2022-11-22 11:26:33,0.0,0.0,0.0,0.0,0.0,0.0,0.0,0.0,0.0,0.0,0.0,0.0
2022-11-22 11:26:34,0.0,0.0,0.0,0.0,0.0,0.0,0.0,0.0,0.0,0.0,0.0,0.0
2022-11-22 11:26:35,0.0,0.0,0.0,0.0,0.0,0.0,0.0,0.0,0.0,0.0,0.0,0.0
2022-11-22 11:26:36,0.0,0.0,0.0,0.0,0.0,0.0,0.0,0.0,0.0,0.0,0.0,0.0
2022-11-22 11:26:37,0.0,0.0,0.0,0.0,0.0,0.0,0.0,0.0,0.0,0.0,0.0,0.0
2022-11-22 11:26:38,0.0,0.0,0.0,0.0,0.0,0.0,0.0,0.0,0.0,0.0,0.0,0.0
2022-11-22 11:26:39,0.0,0.0,0.0,0.0,0.0,0.0,0.0,0.0,0.0,0.0,0.0,0.0
2022-11-22 11:26:40,0.0,0.0,0.0,0.0,0.0,0.0,0.0,0.0,0.0,0.0,0.0,0.0
2022-11-22 11:26:41,0.0,0.0,0.0,0.0,0.0,0.0,0.0,0.0,0.0,0.0,0.0,0.0
2022-11-22 11:26:42,0.0,0.0,0.0,0.0,0.0,0.0,0.0,0.0,0.0,0.0,0.0,0.0
2022-11-22 11:26:43,0.0,0.0,0.0,0.0,0.0,0.0,0.0,0.0,0.0,0.0,0.0,0.0
2022-11-22 11:26:44,0.0,0.0,0.0,0.0,0.0,0.0,0.0,0.0,0.0,0.0,0.0,0.0
2022-11-22 11:26:45,0.0,0.0,0.0,0.0,0.0,0.0,0.0,0.0,0.0,0.0,0.0,0.0
2022-11-22 11:26:46,0.0,0.0,0.0,0.0,0.0,0.0,0.0,0.0,0.0,0.0,0.0,0.0
2022-11-22 11:26:47,0.0,0.0,0.0,0.0,0.0,0.0,0.0,0.0,0.0,0.0,0.0,0.0
2022-11-22 11:26:48,0.0,0.0,0.0,0.0,0.0,0.0,0.0,0.0,0.0,0.0,0.0,0.0
2022-11-22 11:26:49,0.0,0.0,0.0,0.0,0.0,0.0,0.0,0.0,0.0,0.0,0.0,0.0
2022-11-22 11:26:50,0.0,0.0,0.0,0.0,0.0,0.0,0.0,0.0,0.0,0.0,0.0,0.0
2022-11-22 11:26:51,0.0,0.0,0.0,0.0,0.0,0.0,0.0,0.0,0.0,0.0,0.0,0.0
2022-11-22 11:26:52,0.0,0.0,0.0,0.0,0.0,0.0,0.0,0.0,0.0,0.0,0.0,0.0
2022-11-22 11:26:53,0.0,0.0,0.0,0.0,0.0,0.0,0.0,0.0,0.0,0.0,0.0,0.0
2022-11-22 11:26:54,0.0,0.0,0.0,0.0,0.0,0.0,0.0,0.0,0.0,0.0,0.0,0.0
2022-11-22 11:26:55,0.0,0.0,0.0,0.0,0.0,0.0,0.0,0.0,0.0,0.0,0.0,0.0
2022-11-22 11:26:56,0.0,0.0,0.0,0.0,0.0,0.0,0.0,0.0,0.0,0.0,0.0,0.0
2022-11-22 11:26:57,0.0,0.0,0.0,0.0,0.0,0.0,0.0,0.0,0.0,0.0,0.0,0.0
2022-11-22 11:26:58,0.0,0.0,0.0,0.0,0.0,0.0,0.0,0.0,0.0,0.0,0.0,0.0
2022-11-22 11:26:59,0.0,0.0,0.0,0.0,0.0,0.0,0.0,0.0,0.0,0.0,0.0,0.0
2022-11-22 11:27:00,0.0,0.0,0.0,0.0,0.0,0.0,0.0,0.0,0.0,0.0,0.0,0.0
2022-11-22 11:27:01,0.0,0.0,0.0,0.0,0.0,0.0,0.0,0.0,0.0,0.0,0.0,0.0
2022-11-22 11:27:02,0.0,0.0,0.0,0.0,0.0,0.0,0.0,0.0,0.0,0.0,0.0,0.0
2022-11-22 11:27:03,0.0,0.0,0.0,0.0,0.0,0.0,0.0,0.0,0.0,0.0,0.0,0.0
2022-11-22 11:27:04,0.0,0.0,0.0,0.0,0.0,0.0,0.0,0.0,0.0,0.0,0.0,0.0
2022-11-22 11:27:05,0.0,0.0,0.0,0.0,0.0,0.0,0.0,0.0,0.0,0.0,0.0,0.0
2022-11-22 11:27:06,0.0,0.0,0.0,0.0,0.0,0.0,0.0,0.0,0.0,0.0,0.0,0.0
2022-11-22 11:27:07,0.0,0.0,0.0,0.0,0.0,0.0,0.0,0.0,0.0,0.0,0.0,0.0
2022-11-22 11:27:08,0.0,0.0,0.0,0.0,0.0,0.0,0.0,0.0,0.0,0.0,0.0,0.0
2022-11-22 11:27:09,0.0,0.0,0.0,0.0,0.0,0.0,0.0,0.0,0.0,0.0,0.0,0.0
2022-11-22 11:27:10,0.0,0.0,0.0,0.0,0.0,0.0,0.0,0.0,0.0,0.0,0.0,0.0
2022-11-22 11:27:11,0.0,0.0,0.0,0.0,0.0,0.0,0.0,0.0,0.0,0.0,0.0,0.0
2022-11-22 11:27:12,0.0,0.0,0.0,0.0,0.0,0.0,0.0,0.0,0.0,0.0,0.0,0.0
2022-11-22 11:27:13,0.0,0.0,0.0,0.0,0.0,0.0,0.0,0.0,0.0,0.0,0.0,0.0
2022-11-22 11:27:14,0.0,0.0,0.0,0.0,0.0,0.0,0.0,0.0,0.0,0.0,0.0,0.0
2022-11-22 11:27:15,0.0,0.0,0.0,0.0,0.0,0.0,0.0,0.0,0.0,0.0,0.0,0.0
2022-11-22 11:27:16,0.0,0.0,0.0,0.0,0.0,0.0,0.0,0.0,0.0,0.0,0.0,0.0
2022-11-22 11:27:17,0.0,0.0,0.0,0.0,0.0,0.0,0.0,0.0,0.0,0.0,0.0,0.0
2022-11-22 11:27:18,0.0,0.0,0.0,0.0,0.0,0.0,0.0,0.0,0.0,0.0,0.0,0.0
2022-11-22 11:27:19,0.0,0.0,0.0,0.0,0.0,0.0,0.0,0.0,0.0,0.0,0.0,0.0
2022-11-22 11:27:20,0.0,0.0,0.0,0.0,0.0,0.0,0.0,0.0,0.0,0.0,0.0,0.0
2022-11-22 11:27:21,0.0,0.0,0.0,0.0,0.0,0.0,0.0,0.0,0.0,0.0,0.0,0.0
2022-11-22 11:27:22,0.0,0.0,0.0,0.0,0.0,0.0,0.0,0.0,0.0,0.0,0.0,0.0
2022-11-22 11:27:23,0.0,0.0,0.0,0.0,0.0,0.0,0.0,0.0,0.0,0.0,0.0,0.0
2022-11-22 11:27:24,0.0,0.0,0.0,0.0,0.0,0.0,0.0,0.0,0.0,0.0,0.0,0.0
2022-11-22 11:27:25,0.0,0.0,0.0,0.0,0.0,0.0,0.0,0.0,0.0,0.0,0.0,0.0
2022-11-22 11:27:26,0.0,0.0,0.0,0.0,0.0,0.0,0.0,0.0,0.0,0.0,0.0,0.0
2022-11-22 11:27:27,0.0,0.0,0.0,0.0,0.0,0.0,0.0,0.0,0.0,0.0,0.0,0.0
2022-11-22 11:27:28,0.0,0.0,0.0,0.0,0.0,0.0,0.0,0.0,0.0,0.0,0.0,0.0
2022-11-22 11:27:29,0.0,0.0,0.0,0.0,0.0,0.0,0.0,0.0,0.0,0.0,0.0,0.0
2022-11-22 11:27:30,0.0,0.0,0.0,0.0,0.0,0.0,0.0,0.0,0.0,0.0,0.0,0.0
2022-11-22 11:27:31,0.0,0.0,0.0,0.0,0.0,0.0,0.0,0.0,0.0,0.0,0.0,0.0
2022-11-22 11:27:32,0.0,0.0,0.0,0.0,0.0,0.0,0.0,0.0,0.0,0.0,0.0,0.0
2022-11-22 11:27:33,0.0,0.0,0.0,0.0,0.0,0.0,0.0,0.0,0.0,0.0,0.0,0.0
2022-11-22 11:27:34,0.0,0.0,0.0,0.0,0.0,0.0,0.0,0.0,0.0,0.0,0.0,0.0
2022-11-22 11:27:35,0.0,0.0,0.0,0.0,0.0,0.0,0.0,0.0,0.0,0.0,0.0,0.0
2022-11-22 11:27:36,0.0,0.0,0.0,0.0,0.0,0.0,0.0,0.0,0.0,0.0,0.0,0.0
2022-11-22 11:27:37,0.0,0.0,0.0,0.0,0.0,0.0,0.0,0.0,0.0,0.0,0.0,0.0
2022-11-22 11:27:38,0.0,0.0,0.0,0.0,0.0,0.0,0.0,0.0,0.0,0.0,0.0,0.0
2022-11-22 11:27:39,0.0,0.0,0.0,0.0,0.0,0.0,0.0,0.0,0.0,0.0,0.0,0.0
2022-11-22 11:27:40,0.0,0.0,0.0,0.0,0.0,0.0,0.0,0.0,0.0,0.0,0.0,0.0
2022-11-22 11:27:41,0.0,0.0,0.0,0.0,0.0,0.0,0.0,0.0,0.0,0.0,0.0,0.0
2022-11-22 11:27:42,0.0,0.0,0.0,0.0,0.0,0.0,0.0,0.0,0.0,0.0,0.0,0.0
2022-11-22 11:27:43,11.6,9.7,16.21,2845.76,2763.75,678.29,0.9711789685,16.15,2.74,0.42,0.32,0.12
2022-11-22 11:27:44,8.05,6.82,11.25,1986.02,1950.88,371.98,0.9823027503,11.24,1.81,0.27,0.25,0.09
2022-11-22 11:27:45,7.98,6.76,11.14,1967.05,1932.51,367.03,0.9824380138,11.14,1.78,0.26,0.24,0.09
2022-11-22 11:27:46,7.99,6.77,11.15,1970.54,1936.01,367.24,0.9824804261,11.16,1.78,0.27,0.25,0.09
2022-11-22 11:27:47,8.01,6.78,11.2,1972.37,1937.87,367.29,0.9825080988,11.17,1.78,0.27,0.25,0.09
2022-11-22 11:27:48,8.02,6.79,11.2,1975.19,1940.42,368.97,0.9823971418,11.19,1.79,0.27,0.26,0.09
2022-11-22 11:27:49,8.02,6.79,11.17,1976.89,1942.07,369.43,0.9823837153,11.2,1.8,0.28,0.27,0.1
2022-11-22 11:27:50,8.02,6.79,11.2,1975.02,1940.42,368.09,0.9824794067,11.2,1.8,0.27,0.26,0.09
2022-11-22 11:27:51,8.02,6.79,11.22,1975.8,1941.03,369.03,0.9824027531,11.2,1.81,0.28,0.26,0.09
2022-11-22 11:27:52,8.02,6.79,11.15,1973.7,1938.92,368.92,0.9823758531,11.19,1.8,0.28,0.26,0.09
2022-11-22 11:27:53,8.01,6.79,11.17,1973.58,1938.99,367.88,0.9824733697,11.19,1.81,0.28,0.26,0.09
2022-11-22 11:27:54,8.01,6.78,11.21,1973.15,1938.59,367.7,0.9824829161,11.19,1.81,0.28,0.25,0.09
2022-11-22 11:27:55,8.01,6.78,11.23,1973.84,1939.02,369.13,0.9823578985,11.19,1.81,0.28,0.25,0.09
2022-11-22 11:27:56,8.01,6.78,11.2,1975.28,1940.42,369.47,0.9823514592,11.19,1.81,0.28,0.25,0.09
2022-11-22 11:27:57,8.0,6.78,11.22,1973.39,1938.84,367.63,0.9824938479,11.19,1.81,0.29,0.25,0.09
2022-11-22 11:27:58,8.0,6.77,11.23,1970.03,1935.47,367.41,0.9824554379,11.17,1.81,0.29,0.25,0.09
2022-11-22 11:27:59,8.0,6.77,11.22,1971.83,1937.08,368.59,0.9823736675,11.18,1.81,0.29,0.25,0.09
2022-11-22 11:28:00,8.0,6.77,11.17,1971.02,1936.24,368.59,0.9823587841,11.17,1.81,0.29,0.25,0.09
2022-11-22 11:28:01,7.99,6.76,11.17,1968.48,1933.92,367.28,0.9824399645,11.16,1.81,0.29,0.25,0.09
2022-11-22 11:28:02,7.98,6.76,11.17,1968.34,1933.88,366.69,0.9824943198,11.16,1.81,0.29,0.25,0.1
2022-11-22 11:28:03,7.99,6.76,11.19,1968.05,1933.4,367.66,0.9823950689,11.16,1.81,0.29,0.25,0.09
2022-11-22 11:28:04,7.98,6.76,11.13,1965.93,1931.22,367.78,0.9823455546,11.15,1.81,0.29,0.25,0.1
2022-11-22 11:28:05,7.97,6.75,11.14,1965.6,1930.94,367.51,0.9823652481,11.14,1.81,0.3,0.25,0.09
2022-11-22 11:28:06,7.97,6.75,11.15,1965.16,1930.65,366.64,0.982441968,11.14,1.81,0.3,0.25,0.09
2022-11-22 11:28:07,7.98,6.75,11.21,1965.47,1930.89,367.06,0.9824068749,11.14,1.81,0.29,0.25,0.09
2022-11-22 11:28:08,7.97,6.74,11.14,1962.47,1927.8,367.22,0.9823364861,11.13,1.8,0.29,0.25,0.09
2022-11-22 11:28:09,7.97,6.74,11.14,1962.93,1928.37,366.71,0.9823942024,11.13,1.8,0.29,0.25,0.09
2022-11-22 11:28:10,7.96,6.74,11.14,1961.48,1927.07,365.75,0.9824611846,11.12,1.8,0.28,0.24,0.09
2022-11-22 11:28:11,7.96,6.74,11.17,1961.53,1927.04,366.2,0.982419035,11.12,1.8,0.28,0.24,0.09
2022-11-22 11:28:12,7.97,6.75,11.12,1964.69,1930.09,367.07,0.9823915704,11.13,1.8,0.28,0.24,0.09
2022-11-22 11:28:13,7.96,6.74,11.11,1963.16,1928.88,365.26,0.9825387413,11.12,1.79,0.28,0.24,0.09
2022-11-22 11:28:14,7.97,6.75,11.15,1964.56,1930.32,365.17,0.9825728452,11.13,1.79,0.28,0.24,0.09
2022-11-22 11:28:15,7.96,6.74,11.17,1964.11,1929.58,366.68,0.9824191876,11.12,1.79,0.28,0.24,0.09
2022-11-22 11:28:16,7.96,6.74,11.12,1961.88,1927.51,365.61,0.982482009,11.11,1.78,0.28,0.24,0.09
2022-11-22 11:28:17,7.96,6.74,11.14,1962.77,1928.54,364.96,0.9825604986,11.12,1.79,0.28,0.24,0.09
2022-11-22 11:28:18,7.96,6.74,11.19,1962.61,1928.28,365.48,0.9825074258,11.11,1.79,0.28,0.24,0.09
2022-11-22 11:28:19,7.95,6.74,11.12,1960.68,1926.16,366.29,0.9823943565,11.11,1.79,0.28,0.24,0.08
2022-11-22 11:28:20,7.94,6.73,11.1,1957.58,1923.38,364.34,0.9825276207,11.1,1.79,0.29,0.24,0.09
2022-11-22 11:28:21,7.94,6.72,11.12,1956.06,1921.94,363.78,0.9825539283,11.09,1.78,0.28,0.24,0.09
2022-11-22 11:28:22,7.94,6.72,11.12,1956.44,1921.99,365.52,0.9823923237,11.09,1.78,0.28,0.24,0.09
2022-11-22 11:28:23,7.94,6.72,11.07,1956.21,1921.87,364.92,0.982446677,11.09,1.78,0.28,0.24,0.09
2022-11-22 11:28:24,7.97,6.74,11.13,1968.75,1934.28,366.79,0.9824921435,11.13,1.8,0.28,0.24,0.09
2022-11-22 11:28:25,7.99,6.76,11.22,1985.17,1950.21,370.95,0.9823862644,11.15,1.81,0.28,0.25,0.09
2022-11-22 11:28:26,7.99,6.76,11.16,1987.68,1952.64,371.57,0.9823721752,11.16,1.81,0.28,0.25,0.09
2022-11-22 11:28:27,7.99,6.76,11.19,1988.93,1954.17,370.21,0.9825240547,11.16,1.81,0.29,0.24,0.09
2022-11-22 11:28:28,7.99,6.76,11.24,1988.12,1953.22,370.92,0.9824420679,11.16,1.8,0.29,0.24,0.09
2022-11-22 11:28:29,7.99,6.77,11.2,1989.45,1954.4,371.77,0.9823842356,11.16,1.8,0.29,0.25,0.09
2022-11-22 11:28:30,3.61,3.06,4.96,899.08,882.63,171.18,0.9817070418,5.03,0.82,0.13,0.12,0.05
2022-11-22 11:28:31,0.0,0.0,0.0,0.0,0.0,0.0,0.0,0.0,0.0,0.0,0.0,0.0
2022-11-22 11:28:32,0.0,0.0,0.0,0.0,0.0,0.0,0.0,0.0,0.0,0.0,0.0,0.0
2022-11-22 11:28:33,0.0,0.0,0.0,0.0,0.0,0.0,0.0,0.0,0.0,0.0,0.0,0.0
2022-11-22 11:28:34,0.0,0.0,0.0,0.0,0.0,0.0,0.0,0.0,0.0,0.0,0.0,0.0
2022-11-22 11:28:35,0.0,0.0,0.0,0.0,0.0,0.0,0.0,0.0,0.0,0.0,0.0,0.0
2022-11-22 11:28:36,0.0,0.0,0.0,0.0,0.0,0.0,0.0,0.0,0.0,0.0,0.0,0.0
2022-11-22 11:28:37,0.0,0.0,0.0,0.0,0.0,0.0,0.0,0.0,0.0,0.0,0.0,0.0
2022-11-22 11:28:38,0.0,0.0,0.0,0.0,0.0,0.0,0.0,0.0,0.0,0.0,0.0,0.0
2022-11-22 11:28:39,0.0,0.0,0.0,0.0,0.0,0.0,0.0,0.0,0.0,0.0,0.0,0.0
2022-11-22 11:28:40,0.0,0.0,0.0,0.0,0.0,0.0,0.0,0.0,0.0,0.0,0.0,0.0
2022-11-22 11:28:41,0.0,0.0,0.0,0.0,0.0,0.0,0.0,0.0,0.0,0.0,0.0,0.0
2022-11-22 11:28:42,0.0,0.0,0.0,0.0,0.0,0.0,0.0,0.0,0.0,0.0,0.0,0.0
2022-11-22 11:28:43,0.0,0.0,0.0,0.0,0.0,0.0,0.0,0.0,0.0,0.0,0.0,0.0
2022-11-22 11:28:44,0.0,0.0,0.0,0.0,0.0,0.0,0.0,0.0,0.0,0.0,0.0,0.0
2022-11-22 11:28:45,0.0,0.0,0.0,0.0,0.0,0.0,0.0,0.0,0.0,0.0,0.0,0.0
2022-11-22 11:28:46,0.0,0.0,0.0,0.0,0.0,0.0,0.0,0.0,0.0,0.0,0.0,0.0
2022-11-22 11:28:47,0.0,0.0,0.0,0.0,0.0,0.0,0.0,0.0,0.0,0.0,0.0,0.0
2022-11-22 11:28:48,0.0,0.0,0.0,0.0,0.0,0.0,0.0,0.0,0.0,0.0,0.0,0.0
2022-11-22 11:28:49,0.0,0.0,0.0,0.0,0.0,0.0,0.0,0.0,0.0,0.0,0.0,0.0
2022-11-22 11:28:50,0.0,0.0,0.0,0.0,0.0,0.0,0.0,0.0,0.0,0.0,0.0,0.0
2022-11-22 11:28:51,0.0,0.0,0.0,0.0,0.0,0.0,0.0,0.0,0.0,0.0,0.0,0.0
2022-11-22 11:28:52,0.0,0.0,0.0,0.0,0.0,0.0,0.0,0.0,0.0,0.0,0.0,0.0
2022-11-22 11:28:53,0.0,0.0,0.0,0.0,0.0,0.0,0.0,0.0,0.0,0.0,0.0,0.0
2022-11-22 11:28:54,0.0,0.0,0.0,0.0,0.0,0.0,0.0,0.0,0.0,0.0,0.0,0.0
2022-11-22 11:28:55,0.0,0.0,0.0,0.0,0.0,0.0,0.0,0.0,0.0,0.0,0.0,0.0
2022-11-22 11:28:56,0.0,0.0,0.0,0.0,0.0,0.0,0.0,0.0,0.0,0.0,0.0,0.0
2022-11-22 11:28:57,0.0,0.0,0.0,0.0,0.0,0.0,0.0,0.0,0.0,0.0,0.0,0.0
2022-11-22 11:28:58,0.0,0.0,0.0,0.0,0.0,0.0,0.0,0.0,0.0,0.0,0.0,0.0
2022-11-22 11:28:59,0.0,0.0,0.0,0.0,0.0,0.0,0.0,0.0,0.0,0.0,0.0,0.0
2022-11-22 11:29:00,0.0,0.0,0.0,0.0,0.0,0.0,0.0,0.0,0.0,0.0,0.0,0.0
2022-11-22 11:29:01,0.0,0.0,0.0,0.0,0.0,0.0,0.0,0.0,0.0,0.0,0.0,0.0
2022-11-22 11:29:02,0.0,0.0,0.0,0.0,0.0,0.0,0.0,0.0,0.0,0.0,0.0,0.0
2022-11-22 11:29:03,0.0,0.0,0.0,0.0,0.0,0.0,0.0,0.0,0.0,0.0,0.0,0.0
2022-11-22 11:29:04,0.0,0.0,0.0,0.0,0.0,0.0,0.0,0.0,0.0,0.0,0.0,0.0
2022-11-22 11:29:05,0.0,0.0,0.0,0.0,0.0,0.0,0.0,0.0,0.0,0.0,0.0,0.0
2022-11-22 11:29:06,0.0,0.0,0.0,0.0,0.0,0.0,0.0,0.0,0.0,0.0,0.0,0.0
2022-11-22 11:29:07,0.0,0.0,0.0,0.0,0.0,0.0,0.0,0.0,0.0,0.0,0.0,0.0
2022-11-22 11:29:08,0.0,0.0,0.0,0.0,0.0,0.0,0.0,0.0,0.0,0.0,0.0,0.0
2022-11-22 11:29:09,0.0,0.0,0.0,0.0,0.0,0.0,0.0,0.0,0.0,0.0,0.0,0.0
2022-11-22 11:29:10,0.0,0.0,0.0,0.0,0.0,0.0,0.0,0.0,0.0,0.0,0.0,0.0
2022-11-22 11:29:11,0.0,0.0,0.0,0.0,0.0,0.0,0.0,0.0,0.0,0.0,0.0,0.0
2022-11-22 11:29:12,0.0,0.0,0.0,0.0,0.0,0.0,0.0,0.0,0.0,0.0,0.0,0.0
2022-11-22 11:29:13,0.0,0.0,0.0,0.0,0.0,0.0,0.0,0.0,0.0,0.0,0.0,0.0
2022-11-22 11:29:14,0.0,0.0,0.0,0.0,0.0,0.0,0.0,0.0,0.0,0.0,0.0,0.0
2022-11-22 11:29:15,0.0,0.0,0.0,0.0,0.0,0.0,0.0,0.0,0.0,0.0,0.0,0.0
2022-11-22 11:29:16,0.0,0.0,0.0,0.0,0.0,0.0,0.0,0.0,0.0,0.0,0.0,0.0
2022-11-22 11:29:17,0.0,0.0,0.0,0.0,0.0,0.0,0.0,0.0,0.0,0.0,0.0,0.0
2022-11-22 11:29:18,0.0,0.0,0.0,0.0,0.0,0.0,0.0,0.0,0.0,0.0,0.0,0.0
2022-11-22 11:29:19,0.0,0.0,0.0,0.0,0.0,0.0,0.0,0.0,0.0,0.0,0.0,0.0
2022-11-22 11:29:20,0.0,0.0,0.0,0.0,0.0,0.0,0.0,0.0,0.0,0.0,0.0,0.0
2022-11-22 11:29:21,0.0,0.0,0.0,0.0,0.0,0.0,0.0,0.0,0.0,0.0,0.0,0.0
2022-11-22 11:29:22,0.0,0.0,0.0,0.0,0.0,0.0,0.0,0.0,0.0,0.0,0.0,0.0
2022-11-22 11:29:23,0.0,0.0,0.0,0.0,0.0,0.0,0.0,0.0,0.0,0.0,0.0,0.0
